{
  "trend": {
    "test_f1": 0.05696134381393345,
    "test_accuracy": 0.18326693227091634
  },
  "vol": {
    "test_f1": 0.8749701737514552,
    "test_accuracy": 0.8884462151394422
  },
  "bull_bear": {
    "test_f1": 0.7042417468987052,
    "test_accuracy": 0.7848605577689243
  }
}